--
-- Script was generated by Devart dbForge Studio 2020 for MySQL, Version 9.0.689.0
-- Product home page: http://www.devart.com/dbforge/mysql/studio
-- Script date 08.12.2021 8:46:05
-- Server version: 8.0.27
-- Client version: 4.1
--

-- 
-- Disable foreign keys
-- 
/*!40014 SET @OLD_FOREIGN_KEY_CHECKS=@@FOREIGN_KEY_CHECKS, FOREIGN_KEY_CHECKS=0 */;

-- 
-- Set SQL mode
-- 
/*!40101 SET @OLD_SQL_MODE=@@SQL_MODE, SQL_MODE='NO_AUTO_VALUE_ON_ZERO' */;

--
-- Set default database
--
USE kon;

--
-- Drop table `rod`
--
DROP TABLE IF EXISTS rod;

--
-- Drop table `jivotnoe`
--
DROP TABLE IF EXISTS jivotnoe;

--
-- Drop table `trener`
--
DROP TABLE IF EXISTS trener;

--
-- Drop table `klichka`
--
DROP TABLE IF EXISTS klichka;

--
-- Drop table `mast`
--
DROP TABLE IF EXISTS mast;

--
-- Drop table `pizo`
--
DROP TABLE IF EXISTS pizo;

--
-- Drop table `sor`
--
DROP TABLE IF EXISTS sor;

--
-- Set default database
--
USE kon;

--
-- Create table `sor`
--
CREATE TABLE sor (
  id_sor int NOT NULL AUTO_INCREMENT,
  rod tinytext DEFAULT NULL,
  PRIMARY KEY (id_sor)
)
ENGINE = INNODB,
AUTO_INCREMENT = 3,
CHARACTER SET utf8mb4,
COLLATE utf8mb4_0900_ai_ci;

--
-- Create table `pizo`
--
CREATE TABLE pizo (
  id_prizi int NOT NULL AUTO_INCREMENT,
  priz int DEFAULT NULL,
  PRIMARY KEY (id_prizi)
)
ENGINE = INNODB,
AUTO_INCREMENT = 4,
CHARACTER SET utf8mb4,
COLLATE utf8mb4_0900_ai_ci;

--
-- Create table `mast`
--
CREATE TABLE mast (
  id_mast int NOT NULL AUTO_INCREMENT,
  cvet tinytext DEFAULT NULL,
  PRIMARY KEY (id_mast)
)
ENGINE = INNODB,
AUTO_INCREMENT = 4,
CHARACTER SET utf8mb4,
COLLATE utf8mb4_0900_ai_ci;

--
-- Create table `klichka`
--
CREATE TABLE klichka (
  id_klichka int NOT NULL AUTO_INCREMENT,
  klichka tinytext DEFAULT NULL,
  PRIMARY KEY (id_klichka)
)
ENGINE = INNODB,
AUTO_INCREMENT = 6,
CHARACTER SET utf8mb4,
COLLATE utf8mb4_0900_ai_ci;

--
-- Create table `trener`
--
CREATE TABLE trener (
  fam tinytext DEFAULT NULL,
  id_trener int NOT NULL AUTO_INCREMENT,
  ima tinytext DEFAULT NULL,
  otch tinytext DEFAULT NULL,
  data_rogdenia date DEFAULT NULL,
  adress tinytext DEFAULT NULL,
  tel int DEFAULT NULL,
  klichka_jovotnogo int NOT NULL,
  PRIMARY KEY (id_trener)
)
ENGINE = INNODB,
AUTO_INCREMENT = 6,
CHARACTER SET utf8mb4,
COLLATE utf8mb4_0900_ai_ci;

--
-- Create foreign key
--
ALTER TABLE trener
ADD CONSTRAINT FK_trener_klichka_id_klichka FOREIGN KEY (klichka_jovotnogo)
REFERENCES klichka (id_klichka);

--
-- Create table `jivotnoe`
--
CREATE TABLE jivotnoe (
  id_jivotnoe int NOT NULL AUTO_INCREMENT,
  klichka int DEFAULT NULL,
  god_porupki date DEFAULT NULL,
  mast int DEFAULT NULL,
  god_rogdenia date DEFAULT NULL,
  nal_rodoslovnoi int DEFAULT NULL,
  prizi int DEFAULT NULL,
  PRIMARY KEY (id_jivotnoe)
)
ENGINE = INNODB,
AUTO_INCREMENT = 15,
CHARACTER SET utf8mb4,
COLLATE utf8mb4_0900_ai_ci;

--
-- Create index `FK_jivotnoe_rod_id_rod` on table `jivotnoe`
--
ALTER TABLE jivotnoe
ADD INDEX FK_jivotnoe_rod_id_rod (nal_rodoslovnoi);

--
-- Create foreign key
--
ALTER TABLE jivotnoe
ADD CONSTRAINT FK_jivotnoe_klichka_id_klichka FOREIGN KEY (klichka)
REFERENCES klichka (id_klichka);

--
-- Create foreign key
--
ALTER TABLE jivotnoe
ADD CONSTRAINT FK_jivotnoe_mast_id_mast FOREIGN KEY (mast)
REFERENCES mast (id_mast);

--
-- Create foreign key
--
ALTER TABLE jivotnoe
ADD CONSTRAINT FK_jivotnoe_pizo_id_prizi FOREIGN KEY (prizi)
REFERENCES pizo (id_prizi);

--
-- Create foreign key
--
ALTER TABLE jivotnoe
ADD CONSTRAINT FK_jivotnoe_sor_id_sor FOREIGN KEY (nal_rodoslovnoi)
REFERENCES sor (id_sor);

--
-- Create table `rod`
--
CREATE TABLE rod (
  id_rod int NOT NULL AUTO_INCREMENT,
  rodoslovnai tinytext DEFAULT NULL,
  PRIMARY KEY (id_rod)
)
ENGINE = INNODB,
AUTO_INCREMENT = 5,
AVG_ROW_LENGTH = 8192,
CHARACTER SET utf8mb4,
COLLATE utf8mb4_0900_ai_ci;

-- 
-- Dumping data for table sor
--
INSERT INTO sor VALUES
(1, 'da'),
(2, 'net');

-- 
-- Dumping data for table pizo
--
INSERT INTO pizo VALUES
(1, 1),
(2, 2),
(3, 3);

-- 
-- Dumping data for table mast
--
INSERT INTO mast VALUES
(1, 'orangevi'),
(2, 'black'),
(3, 'beli');

-- 
-- Dumping data for table klichka
--
INSERT INTO klichka VALUES
(1, 'yri'),
(2, 'ivan'),
(3, 'yral'),
(4, 'torpeda'),
(5, 'mars');

-- 
-- Dumping data for table trener
--
INSERT INTO trener VALUES
('ivanov', 1, 'ivan', 'ivanovich', '2021-12-02', 'puskina', 84821528, 1),
('rykin', 2, 'anton', 'andreevich', '2021-12-07', 'lenina', 81235515, 4),
('kudrin', 3, 'ilia', 'sergeevich', '2021-11-24', 'vorovskai', 2594156, 2),
('cheraniv', 4, 'artem', 'sergeevich', '2021-12-02', 'vorovskai', 841564896, 3),
('pupkin', 5, 'anton', 'antonovich', '2021-11-23', 'puskina', 598464, 5);

-- 
-- Dumping data for table rod
--
INSERT INTO rod VALUES
(3, 'da'),
(4, 'net');

-- 
-- Dumping data for table jivotnoe
--
INSERT INTO jivotnoe VALUES
(10, 1, '2021-12-07', 2, '2021-12-07', 1, 1),
(11, 2, '2021-12-01', 1, '2021-12-23', 2, 3),
(12, 3, '2021-11-29', 3, '2021-11-10', 1, 2),
(13, 4, '2021-12-02', 2, '2021-11-29', 1, 1),
(14, 5, '2021-12-06', 2, '2021-12-01', 2, 1);

-- 
-- Restore previous SQL mode
-- 
/*!40101 SET SQL_MODE=@OLD_SQL_MODE */;

-- 
-- Enable foreign keys
-- 
/*!40014 SET FOREIGN_KEY_CHECKS = @OLD_FOREIGN_KEY_CHECKS */;